Step,Path_0,Path_1,Path_2,Path_3,Path_4,Path_5,Path_6,Path_7,Path_8,Path_9,Path_10,Path_11,Path_12,Path_13,Path_14,Path_15,Path_16,Path_17,Path_18,Path_19,Path_20,Path_21,Path_22,Path_23,Path_24,Path_25,Path_26,Path_27,Path_28,Path_29,Path_30,Path_31,Path_32,Path_33,Path_34,Path_35,Path_36,Path_37,Path_38,Path_39,Path_40,Path_41,Path_42,Path_43,Path_44,Path_45,Path_46,Path_47,Path_48,Path_49,Path_50,Path_51,Path_52,Path_53,Path_54,Path_55,Path_56,Path_57,Path_58,Path_59,Path_60,Path_61,Path_62,Path_63,Path_64,Path_65,Path_66,Path_67,Path_68,Path_69,Path_70,Path_71,Path_72,Path_73,Path_74,Path_75,Path_76,Path_77,Path_78,Path_79,Path_80,Path_81,Path_82,Path_83,Path_84,Path_85,Path_86,Path_87,Path_88,Path_89,Path_90,Path_91,Path_92,Path_93,Path_94,Path_95,Path_96,Path_97,Path_98,Path_99,Path_100,Path_101,Path_102,Path_103,Path_104,Path_105,Path_106,Path_107,Path_108,Path_109,Path_110,Path_111,Path_112,Path_113,Path_114,Path_115,Path_116,Path_117,Path_118,Path_119,Path_120,Path_121,Path_122,Path_123,Path_124,Path_125,Path_126,Path_127,Path_128,Path_129,Path_130,Path_131,Path_132,Path_133,Path_134,Path_135,Path_136,Path_137,Path_138,Path_139,Path_140,Path_141,Path_142,Path_143,Path_144,Path_145,Path_146,Path_147,Path_148,Path_149,Path_150,Path_151,Path_152,Path_153,Path_154,Path_155,Path_156,Path_157,Path_158,Path_159,Path_160,Path_161,Path_162,Path_163,Path_164,Path_165,Path_166,Path_167,Path_168,Path_169,Path_170,Path_171,Path_172,Path_173,Path_174,Path_175,Path_176,Path_177,Path_178,Path_179,Path_180,Path_181,Path_182,Path_183,Path_184,Path_185,Path_186,Path_187,Path_188,Path_189,Path_190,Path_191,Path_192,Path_193,Path_194,Path_195,Path_196,Path_197,Path_198,Path_199
0,100,100,100,100,100,100,100,100,100,100,100,100,100,100,100,100,100,100,100,100,100,100,100,100,100,100,100,100,100,100,100,100,100,100,100,100,100,100,100,100,100,100,100,100,100,100,100,100,100,100,100,100,100,100,100,100,100,100,100,100,100,100,100,100,100,100,100,100,100,100,100,100,100,100,100,100,100,100,100,100,100,100,100,100,100,100,100,100,100,100,100,100,100,100,100,100,100,100,100,100,100,100,100,100,100,100,100,100,100,100,100,100,100,100,100,100,100,100,100,100,100,100,100,100,100,100,100,100,100,100,100,100,100,100,100,100,100,100,100,100,100,100,100,100,100,100,100,100,100,100,100,100,100,100,100,100,100,100,100,100,100,100,100,100,100,100,100,100,100,100,100,100,100,100,100,100,100,100,100,100,100,100,100,100,100,100,100,100,100,100,100,100,100,100,100,100,100,100,100,100
1,100.701,100.49,100.318,100.165,100.716,99.7609,100.678,100.564,100.804,99.8963,100.227,100.507,100.211,100.795,101.536,100.033,99.9983,99.9033,100.441,100.632,100.353,100.356,101.079,100.632,100.228,100.462,100.061,100.171,99.993,100.183,100.676,99.8186,100.508,100.255,100.788,100.389,100.92,100.069,100.464,100.709,100.464,100.285,100.549,100.732,100.812,100.728,99.623,100.609,100.763,100.129,100.503,100.193,99.9632,100.351,100.216,99.9423,100.657,100.581,99.9864,99.7134,100.81,100.864,100.275,99.8179,100.675,100.163,100.65,99.5843,100.351,100.607,100.764,100.65,99.9851,100.861,101.149,100.768,100.987,100.611,100.123,100.311,99.9759,100.144,100.667,100.711,99.9634,100.401,100.945,99.7263,100.432,99.7028,100.086,99.6915,100.062,99.7119,100.625,99.7094,100.468,100.761,99.7581,100.663,100.453,100.799,100.383,99.7483,99.8712,101.222,100.853,100.455,101.131,100.299,101.093,100.385,99.9133,99.9182,100.695,101.057,100.077,100.506,101.224,100.229,99.7913,100.977,100.335,100.347,100.996,100.588,100.442,99.8421,100.897,100.151,100.087,100.837,99.8056,101.265,100.362,100.379,99.9846,100.494,100.193,100.362,100.362,100.193,101.099,101.213,100.519,101.196,100.774,100.217,100.676,100.562,100.99,100.562,100.61,99.9477,99.888,100.475,100.345,99.8319,100.69,99.9952,99.5855,99.9864,99.9007,101.135,100.674,100.368,99.8925,100.104,99.7994,100.218,100.394,100.798,100.477,100.871,99.592,100.637,100.164,99.8682,100.21,99.7914,100.333,100.045,100.088,99.918,99.716,100.042,100.118,100.672,100.314,99.8074,100.239,100.435,100.158,100.576,100.238,99.3017,100.143,99.6976,100.768,100.588
2,101.66,100.09,100.518,100.642,101.221,100.785,101.261,101.155,101.512,100.148,100.037,100.247,100.345,101.191,101.889,100.144,99.8936,100.059,101.293,100.969,100.38,101.403,101.786,100.872,99.8614,101.436,100.355,100.221,101.108,100.35,101.809,100.237,100.601,99.8706,101.568,100.529,101.116,101,101.778,101.584,101.192,100.153,100.372,101.414,100.787,100.967,100.439,101.004,101.428,100.709,101.161,100.832,99.9764,101.18,100.829,100.57,100.847,100.244,100.569,100.202,100.88,100.779,100.519,100.763,100.556,100.846,100.965,99.4786,99.8571,101.095,101.367,100.779,100.424,101.136,101.417,100.967,101.49,101.186,100.373,101.222,100.727,100.521,101.265,101.246,100.036,100.909,101.319,99.5664,100.904,100.456,101.394,100.167,100.64,100.314,100.932,100.471,101.611,101.415,100.076,101.024,100.144,100.454,101.031,100.266,99.8712,100.926,101.579,100.709,101.386,100.695,101.965,101.493,99.8249,101.002,101.318,101.969,99.6284,100.575,101.317,99.6442,100.814,101.915,101.418,100.712,101.445,100.848,100.7,100.446,101.442,100.113,100.764,100.578,100.339,101.846,100.935,100.478,100.498,101.661,100.387,100.241,101.073,100.163,101.175,100.741,100.681,101.842,101.287,101.105,101.58,100.426,101.235,101.385,101.37,100.348,100.265,100.876,100.409,101.55,101.27,100.332,99.8822,100.762,100.849,101.616,100.412,100.664,100.114,99.946,100.505,100.66,100.984,100.352,100.613,101.852,100.302,100.824,100.007,100.067,100.809,100.486,100.798,100.469,100.546,100.353,100.074,100.275,99.8948,101.204,100.939,99.897,100.528,100.658,101.09,100.745,100.602,98.8759,100.343,99.9545,101.139,101.198
3,101.818,101.041,100.632,100.107,101.84,100.522,102.476,101.495,101.627,100.532,100.674,100.36,100.662,101.717,102.633,100.042,99.9408,99.9187,101.362,100.782,100.727,102.056,102.344,101.552,100.933,101.534,100.724,100.953,101.509,100.234,101.556,100.198,101.117,100.437,102.062,100.884,100.814,102.241,101.986,101.683,101.386,100.361,100.245,101.837,100.616,102.162,101.397,101.207,102.042,100.691,101.416,101.468,100.511,101.856,101.696,101.465,101.023,100.139,100.862,101.095,101.629,101.213,100.981,100.681,100.617,101.461,101.355,100.193,100.346,101.356,101.624,101.327,100.764,101.682,101.403,100.439,100.924,101.738,101.222,101.484,101.323,100.634,101.571,101.614,99.9066,101.576,101.642,99.3137,101.781,100.786,102.58,100.846,100.838,99.8873,101.431,100.626,103.041,102.13,100.413,101.652,100.64,101.19,101.037,100.106,99.8683,101.104,101.847,100.991,102.079,101.368,102.014,101.719,100.569,101.762,101.817,102.146,100.242,101.316,101.771,100.631,101.175,101.781,101.25,101.412,101.714,101.442,100.863,100.855,102.692,100.907,101.066,100.999,100.523,102.547,101.313,101.438,101.115,101.595,100.665,100.877,101.449,100.865,101.229,101.465,101.28,102.068,102.023,101.748,101.736,100.989,101.664,101.55,100.907,100.716,100.946,101.991,100.597,101.745,101.662,100.55,100.472,101.496,101.442,102.411,100.553,101.649,100.838,99.8531,101.662,101.541,100.398,100.279,101.029,102.22,101.126,101.678,100.311,100.648,101.655,99.8941,101.478,100.873,101.162,101.51,100.379,101.169,99.9754,102.054,101.283,100.876,101.438,100.841,101.404,100.877,100.717,99.575,101.267,100.489,101.343,101.803
4,102.398,101.161,100.323,100.575,102.09,101.324,102.723,101.98,102.172,101.088,101.248,101.195,100.785,101.568,102.916,100.232,100.185,101.266,101.581,101.475,101.284,102.354,102.511,101.813,101.759,102.095,100.263,101.834,102.135,100.984,102.204,100.413,101.668,100.522,102.329,100.58,101.241,102.733,102.482,101.399,102.92,101.097,100.69,102.084,100.874,102.295,102.139,101.008,102.122,101.434,101.626,102.22,100.537,101.542,102.32,101.258,101.172,99.9338,100.933,101.707,101.674,101.684,101.361,100.51,101.201,102.02,102.064,100.413,100.261,101.236,101.832,102.708,101.929,101.427,102.28,100.451,101.048,102.136,101.571,102.309,101.713,100.728,101.937,102.097,100.678,102.683,102.185,99.6516,102.051,101.493,103.313,101.127,101.21,100.205,101.786,100.535,103.145,101.74,100.522,102.285,100.917,100.959,100.944,100.559,100.856,102.049,102.07,100.994,102.356,102.268,102.947,101.987,100.911,102.131,102.259,102.291,100.777,101.665,102.182,100.958,101.938,102.527,100.993,101.989,101.161,102.483,101.586,102.449,102.935,101.263,101.248,100.989,101.202,102.948,101.888,102.261,101.482,102.114,100.873,101.503,101.678,100.745,101.377,101.64,102.006,102.304,102.806,102.087,102.153,100.946,101.485,101.827,101.61,101.44,100.816,102.658,101.107,102.484,102.116,101.225,100.897,101.918,101.649,102.753,100.714,101.182,101.495,99.8784,101.268,102.897,100.346,100.728,101.687,101.97,100.885,102.469,100.415,100.704,102.546,100.216,102.199,101.159,101.104,101.747,100.897,101.445,100.555,102.495,101.164,101.967,101.018,100.765,101.37,100.83,101.604,100.55,100.871,101.225,101.444,102.758
5,101.979,102.036,100.817,100.805,102.309,101.851,103.111,102.291,102.458,101.722,101.092,101.027,101.105,102.724,103.557,100.781,101.549,101.995,102.473,102.097,101.493,102.582,102.48,102.366,101.811,102.408,100.729,103.276,102.423,102.347,103.118,100.747,102.631,100.411,102.492,100.965,102.322,103.374,103.425,102.032,102.868,102.792,100.435,102.361,102.686,102.267,102.556,101.216,102.606,101.797,102.947,102.371,100.787,101.832,102.727,101.194,101.601,99.5003,102.299,102.471,101.607,102.801,101.492,101.35,101.384,102.441,101.784,101.171,100.598,101.676,102.486,103.702,102.36,101.966,103.544,101.061,101.364,102.382,101.429,103.059,102.222,101.51,103.195,102.258,101.185,103.482,102.921,100.034,103.161,101.973,103.897,101.408,101.549,101.149,101.952,100.24,103.127,101.707,100.723,103.061,101.242,100.616,102.186,100.889,101.752,101.851,102.744,101.841,102.361,103.422,103.396,102.119,101.368,102.268,102.687,102.282,100.239,101.902,102.6,101.337,102.502,102.928,101.519,102.666,101.194,102.627,102.481,102.726,103.431,101.107,101.451,101.698,101.836,102.776,101.854,103.456,102.304,103.293,101.641,101.633,101.781,101.03,102.379,102.058,102.239,103.184,102.92,102.268,102.941,101.598,101.995,102.756,102.075,101.365,101.405,103.022,100.948,103.288,101.955,101.739,101.07,101.399,102.069,103.834,100.717,101.705,101.478,100.03,101.561,103.741,100.775,101.575,101.621,102.544,101.661,102.708,101.033,101.326,103.647,100.567,102.335,101.94,101.282,102.452,101.01,101.364,101.203,102.729,101.291,102.591,102.342,101.792,102.335,101.706,101.573,100.897,101.794,100.649,101.117,103.108
6,102.874,101.95,101.13,101.856,102.121,102.478,103.426,102.395,102.903,102.053,101.401,101.564,100.115,103.793,103.538,100.528,102.354,103.635,102.647,102.851,101.648,103.248,102.156,103.294,102.049,102.762,101.028,104.107,102.741,102.07,103.676,101.285,103.509,99.5769,103.836,101.576,102.879,102.901,104.96,103.175,104.182,103.264,101.134,103.975,103.586,103.095,102.862,101.643,102.768,102.482,103.237,102.827,101.669,102.538,103.528,101.669,102.022,99.908,102.847,103.46,102.631,102.5,101.068,101.646,102.555,103.909,102.901,102.164,101.069,102.796,102.292,103.754,102.365,102.909,104.366,100.557,101.784,102.373,102.156,103.39,102.296,102.473,104.236,102.437,100.457,103.388,103.769,100.62,103.833,102.891,104.543,101.759,102.333,102.493,102.139,99.8851,103.559,102.043,101.059,104.051,101.722,101.637,102.512,101.59,101.461,102.374,102.98,101.919,102.866,102.582,103.63,102.413,101.744,103.521,102.771,103.07,99.5413,102.865,102.198,101.775,103.148,103.325,102.346,102.637,102.141,103.723,102.444,103.182,104.168,101.601,102.417,102.548,102.035,102.872,102.097,105.032,102.74,104.177,102.089,102.953,102.407,101.51,102.321,101.773,103.171,103.606,103.335,103.075,103.659,102.555,102.76,103.039,101.895,101.592,101.812,103.5,102.04,104.335,102.442,101.735,101.137,102.309,103.255,104.274,101.066,102.536,102.703,100.41,102.703,104.522,100.883,101.723,101.913,102.828,103.013,102.122,100.987,101.626,103.506,100.788,103.142,102.553,101.3,102.865,101.665,101.775,101.612,103.497,101.847,102.828,101.942,102.205,103.172,102.105,102.002,101.222,102.812,101.066,102.271,103.237
7,102.969,102.729,100.736,101.677,103.322,102.785,103.41,102.392,103.876,102.866,100.833,101.74,100.686,104.255,104.764,101.412,103.225,103.716,103.172,103.141,102.469,103.296,102.745,103.642,101.788,103.324,101.154,104.004,102.862,102.431,104.435,102.165,104.06,100.101,104.655,102.217,103.305,103.037,105.215,103.576,105.186,102.568,101.859,103.955,103.867,103.596,103.082,101.633,102.288,103.323,104.062,102.97,102.238,102.542,104.55,101.526,101.787,99.901,103.345,103.758,103.117,102.362,102.145,102.092,102.628,104.692,102.552,102.313,101.558,103.548,102.984,104.198,103.297,103.882,104.12,101.395,102.877,102.294,102.107,103.966,103.233,103.133,104.648,102.792,100.483,103.446,103.98,101.237,104.325,103.022,105.737,102.024,102.215,102.201,102.792,101.128,104.217,102.298,102.477,104.637,101.917,102.434,103.465,102.509,101.955,103.047,103.398,102.574,103.13,102.955,103.963,103.571,101.954,103.603,103.519,103.387,99.8702,103.346,102.677,101.548,103.897,103.217,102.482,104.232,102.414,104.556,102.917,103.434,104.86,101.901,102.367,102.852,102.313,103.02,102.679,105.701,103.109,103.683,102.402,103.386,103.076,101.994,101.808,102.042,103.138,104.101,103.854,103.382,104.404,103.406,103.761,103.514,102.173,102.306,102.757,103.617,102.95,104.546,103.461,102.324,102.009,102.357,103.598,105.135,101.615,103.071,102.852,100.09,102.519,104.907,101.306,102.005,102.345,102.435,103.874,101.693,101.264,102.004,103.696,101.612,103.908,103.418,101.7,103.26,102.102,102.207,101.891,103.85,102.746,103.881,102.11,103.464,103.112,102.206,102.438,101.745,102.758,101.157,103.408,103.459
8,102.728,103.708,101.085,102.439,103.21,103.243,103.754,102.45,104.856,102.783,101.856,101.543,100.472,104.667,105.604,102.082,103.529,104.252,103.468,104.262,103.019,103.421,102.749,103.982,102.385,103.986,102.039,105.207,103.748,103.263,104.521,101.965,104.038,100.509,104.982,102.02,103.449,102.699,106.192,104.221,105.865,103.394,102.615,105.189,104.733,103.73,103.068,101.899,102.471,103.488,103.912,103.97,103.185,103.955,104.624,101.318,102.298,100.658,104.646,104.141,103.83,103.391,102.457,102.691,103.026,105.53,103.064,102.962,101.79,103.949,103.168,105.428,103.879,104.547,104.531,101.197,103.376,102.74,102.587,104.045,103.702,103.763,104.625,103.066,100.905,103.748,103.624,100.511,104.57,103.215,105.242,102.433,102.522,102.929,103.623,101.291,105.049,103.004,103.638,104.396,102.037,102.524,104.076,103.531,102.472,103.172,103.478,102.846,105.078,103.121,104.332,104.483,102.383,103.786,103.607,104.396,100.433,104.012,102.629,101.554,103.07,103.819,102.824,105.309,102.368,104.72,103.806,104.247,104.782,102.737,101.917,103.685,101.89,103.408,103.273,107.351,104.045,103.54,102.61,103.994,103.499,102.178,102.231,102.1,104.311,104.378,105.337,103.674,105.17,103.543,104.736,103.763,101.484,102.943,104.025,104.486,102.926,104.977,104.081,103.007,102.112,102.03,104.566,105.644,101.674,103.19,103,101.042,103.252,104.813,100.839,102.913,102.943,103.129,104.577,102.384,101.907,102.417,104.11,102.053,104.817,104.869,102.452,103.612,103.085,101.61,101.896,104.622,103.2,104.718,102.944,103.885,103.504,102.918,103.56,102.241,102.396,101.388,103.62,104.217
9,103.145,104.358,101.367,102.672,103.707,103.509,103.972,102.409,105.065,103.103,101.708,101.394,100.932,104.665,106.832,102.432,104.041,104.669,104.225,104.583,103.299,103.687,103.621,105.102,102.402,104.006,103.07,105.359,104.106,103.12,104.781,102.973,104.298,100.513,105.862,102.329,105.131,103.454,106.1,105.941,106.069,103.166,103.463,105.432,105.237,103.766,103.577,101.605,103.954,103.824,104.221,104.712,104.019,103.735,103.979,102.403,102.871,100.234,105.32,104.249,104.26,103.934,102.947,103.265,102.973,107.108,102.678,103.281,101.109,104.327,103.545,106.068,104.382,104.264,105.55,101.092,103.392,102.917,103.992,104.182,104.59,104.327,104.643,103.752,100.94,104.133,104.536,101.21,105.605,103.224,105.642,102.056,103.19,103.455,103.761,101.069,105.649,103.3,103.482,104.947,102.394,103.811,104.603,103.802,103.195,103.284,103.885,103.238,105.86,103.785,104.959,104.837,102.691,103.658,104.383,105.732,100.593,104.639,102.828,101.748,104.154,104.4,103.927,106.016,101.941,105.047,103.848,104.869,105.192,103.524,101.915,104.141,102.012,103.475,103.699,108.094,104.671,103.473,103.089,103.993,103.726,103.106,102.845,102.633,103.61,104.462,104.911,103.788,106.486,103.62,105.586,103.805,101.245,103.885,104.17,104.434,103.322,104.717,104.112,103.183,102.348,102.376,105.097,105.936,102.454,104.33,103.522,101.825,103.13,105.223,100.432,103.863,103.809,104.221,105.291,102.763,102.345,102.934,105.124,102.738,105.427,105.471,102.496,104.045,103.652,102.452,102.461,105.301,104.42,104.683,103.687,104.182,103.917,103.033,103.978,102.866,103.397,102.455,104.533,105.002
10,103.422,105.037,102.323,103.66,104.282,103.547,104.89,102.532,106.424,103.042,101.741,101.843,101.139,105.137,106.519,103.052,104.286,105.362,105.375,105.518,104.378,104.111,103.962,105.724,102.896,104.47,102.845,105.724,104.417,103.794,105.567,103.592,105.019,101.369,105.877,102.521,105.911,104.025,106.008,105.452,106.412,103.314,103.27,106.207,105.953,104.234,104.284,102.329,104.09,104.486,104.775,105.374,104.226,103.595,105.353,103.055,103.634,100.2,106.101,105.426,104.266,104.412,103.294,104.773,102.963,106.509,103.357,103.638,102.022,105.046,104.167,105.837,105.607,104.69,105.391,101.495,103.571,103.259,104.458,104.371,104.312,105.265,104.995,104.026,101.316,104.529,104.484,101.91,105.927,102.681,105.655,103.177,103.675,103.863,104.183,101.437,106.883,103.464,103.976,105.113,102.795,104.079,105.314,103.84,102.941,104.119,104.21,104.6,106.435,103.653,104.734,105.164,103.251,103.613,105.182,105.903,101.394,105.039,102.655,102.298,104.207,105.465,103.48,106.434,102.381,106.372,104.482,104.84,105.088,103.421,102.39,104.667,102.984,102.701,102.906,108.54,104.84,104.898,103.167,105.218,105.054,103.534,103.506,103.361,104.746,105.107,105.182,103.607,107.252,104.331,105.923,102.852,101.445,103.932,104.915,105.362,103.928,104.713,105.009,103.805,102.89,102.122,104.733,105.993,102.472,105.533,104.394,103.202,103.064,106.057,100.95,104.604,104.44,104.415,106.275,102.967,102.116,103.58,105.486,102.288,105.981,106.26,102.541,104.592,104.18,102.599,102.901,106.004,104.369,104.45,103.786,105.021,104.608,102.684,103.84,103.714,104.36,102.991,104.259,105.68
11,104.298,105.969,102.779,104.206,104.322,104.126,105.468,102.854,107.38,103.39,101.909,101.989,101.23,105.894,107.018,103.022,105.338,105.953,105.472,105.659,104.377,105.238,104.033,105.626,103.171,104.989,103.185,106.458,105.284,104.181,105.764,104.557,103.817,101.039,106.542,103.438,106.306,103.678,106.464,105.874,106.64,103.641,103.553,106.535,106.586,104.21,104.717,103.151,104.499,105.328,104.66,105.282,104.677,103.964,105.883,103.836,103.975,100.791,105.885,105.259,104.412,105.023,103.965,104.251,102.645,106.361,103.573,103.859,102.569,105.579,105.535,106.781,106.333,104.652,105.943,101.571,104.82,104.054,105.419,104.952,104.805,106.042,105.789,104.111,101.323,104.554,103.998,102.315,106.895,102.567,105.809,103.722,104.2,104.729,105.266,102.364,106.793,103.913,103.934,106.874,103.601,104.079,105.424,103.891,103.632,104.636,105.421,104.694,107.611,104.838,104.929,106.228,103.863,104.173,104.685,106.204,101.484,105.553,102.556,103.838,104.666,105.887,103.812,106.51,103.736,107.178,103.919,105.223,105.657,103.668,103.254,105.126,103.254,103.547,104.118,109.268,105.758,104.908,102.797,105.631,105.234,104.714,103.426,103.46,105.068,105.264,105.811,104.198,108.232,104.682,106.264,102.652,102.392,104.735,105.404,105.077,104.051,105.232,105.576,104.397,103.473,102.558,105.362,105.756,102.409,106.359,104.661,103.261,103.914,107.231,101.013,104.538,104.881,105.244,106.193,103.142,102.373,103.604,106.085,102.374,105.192,106.801,103.019,105.456,104.076,103.366,104.053,106.061,104.647,104.64,103.208,105.559,105.183,102.263,105.182,103.126,104.988,103.073,105.17,106.465
12,105.345,106.66,103.223,104.321,104.484,104.718,105.294,103.869,107.989,103.14,102.64,102.872,101.498,106.314,106.653,103.719,105.4,107.153,105.24,105.003,105.445,106.063,104.356,106.082,104.552,105.741,103.506,106.665,105.378,104.696,105.904,105.318,103.989,101.343,107.159,103.959,106.68,104.354,107.479,106.179,107.302,103.922,104.366,106.54,106.631,104.63,105.827,103.276,104.875,106.454,105.327,106.14,104.972,105.026,106.063,103.898,104.225,100.962,106.115,105.823,104.938,105.76,103.664,104.667,102.6,106.431,102.944,104.157,102.509,106.493,105.96,107.587,106.556,105.584,106.536,102.352,105.499,104.771,105.678,105.746,105.846,106.365,106.383,104.294,102.283,105.513,103.664,102.421,106.974,102.86,105.86,104.312,105.559,105.546,105.801,103.327,107.998,103.894,105.117,107.024,103.712,103.986,105.432,104.511,104.312,105.759,105.398,104.716,108.928,104.912,105.351,106.368,103.865,104.657,104.678,106.694,101.155,106.405,102.594,104.059,105.136,105.571,104.467,107.215,104.752,107.973,104.724,105.983,106.345,104.729,102.944,105.603,103.44,103.999,104.749,108.565,106.152,106.012,103.734,105.751,106.273,105.316,103.989,103.953,106.145,106.29,105.716,104.582,109.091,104.851,106.2,102.941,102.476,105.173,105.891,105.716,105.992,105.414,105.754,104.984,103.781,103.142,106.25,105.937,102.721,106.102,105.69,103.284,104.894,107.115,100.853,104.032,105.037,105.409,106.742,103.09,103.624,104.244,106.637,101.976,105.634,106.946,102.892,106.118,104.646,103.977,104.245,107.267,104.948,104.99,103.214,106.042,106.315,102.647,105.332,103.147,105.543,103.519,106.515,107.319
13,105.622,107.383,103.557,104.828,104.582,104.577,106.344,104.125,108.208,103.201,102.494,102.873,102.234,106.06,107.912,104.28,105.613,107.285,106.395,104.631,106.051,107.249,104.824,106.761,105.204,106.629,103.784,107.879,105.975,104.888,106.074,106.372,103.775,101.567,106.878,104.713,107.332,104.125,107.963,106.199,107.673,104.69,104.34,106.621,106.898,104.55,105.642,104.411,104.677,106.035,105.95,106.897,104.899,105.586,106.451,104.061,105.301,101.341,105.966,106.549,106.196,106.304,104.747,105.159,102.533,107.274,103.237,104.304,103.113,107.679,106.185,107.055,107.314,105.419,106.723,102.527,105.787,105.243,105.818,106.455,106.062,106.83,107.511,104.847,102.502,105.819,104.537,102.274,107.314,102.339,106.315,103.983,106.304,105.839,105.984,104.289,108.328,104.544,104.871,107.757,103.595,104.33,105.519,104.975,104.837,106.331,106.474,106.152,108.104,105.629,104.856,107.066,104.352,104.778,105.128,106.197,101.67,107.296,103.087,104.314,105.559,106.195,105.173,107.309,105.465,107.852,105.178,106.52,106.786,105.84,103.858,107.252,103.565,104.624,104.256,108.928,107.311,106.385,104.082,106.732,105.729,106.16,104.675,104.406,106.269,106.402,106.053,104.692,110.362,105.395,107.049,103.569,101.899,105.861,105.564,106.189,106.755,105.155,105.727,105.825,103.989,103.471,105.79,106.845,103.47,106.73,107.336,103.472,105.743,107.852,100.776,104.899,106.404,105.917,107.603,103.317,104.449,104.362,106.556,102.208,106.158,107.87,103.653,106.281,105.628,104.569,104.651,107.819,105.051,104.802,103.23,105.484,106.915,102.651,106.063,103.341,106.744,103.418,107.399,107.495
14,106.764,107.746,104.016,104.959,104.423,105.997,107.378,104.068,109.099,103.631,103.438,103.594,102.638,106.519,107.848,104.49,106.379,107.691,107.357,105.157,106.043,107.337,105.154,107.431,105.504,106.601,105.097,109.034,106.175,105.47,106.213,107.193,104.023,102.004,107.609,105.623,107.702,105.123,108.55,106.344,107.889,105.217,105.331,107.343,107.66,105.913,106.414,104.491,105.193,106.741,106.504,108.4,105.244,105.822,106.795,104.982,105.571,102.273,107.246,107.175,106.765,107.1,105.022,105.632,103.323,107.855,103.442,104.48,103.88,107.652,107.11,107.439,107.972,104.783,106.949,102.677,105.79,105.432,106.32,107.142,107.229,107.725,108.734,105.891,102.905,105.819,105.126,102.593,107.614,102.959,106.723,104.16,106.353,106.735,105.613,104.566,108.911,104.948,105.699,107.093,103.874,105.231,105.987,105.471,105.652,107.472,107.043,106.959,108.059,106.329,105.249,107.292,104.812,105.197,105.218,106.17,102.275,107.292,103.106,105.19,106.863,107.301,105.745,107.75,105.643,108.23,105.758,106.828,107.015,106.531,104.131,107.863,103.93,105.426,104.815,109.374,107.443,106.268,104.474,106.633,106.175,106.455,104.982,105.016,106.584,106.779,106.181,105.555,110.417,106.328,106.769,103.46,102.61,106.186,106.509,106.503,107.631,104.933,106.055,106.273,104.803,104.284,106.691,107.149,103.888,106.956,107.843,103.468,105.521,108.676,101.024,105.232,106.423,106.007,108.267,104.265,104.516,104.672,107.619,102.935,106.195,107.434,104.427,106.6,106.386,105.267,104.775,108.887,105.629,105.722,103.124,106.184,107.454,103.216,106.724,103.441,107.408,104.064,108.078,107.015
15,106.901,107.573,104.671,104.819,104.156,106.575,107.419,104.868,109.615,104.622,104.435,103.308,103.281,106.643,108.334,105.588,106.653,108.396,107.348,105.619,106.304,108.487,105.935,107.794,106.14,107.174,105.174,109.586,107.064,105.697,106.407,108.265,103.941,102.592,107.372,106.69,107.902,105.436,109.398,106.695,108.923,105.925,104.955,108.075,108.199,106.096,106.616,104.247,105.128,107.918,107.351,109.537,106.368,106.667,107.417,104.269,106.888,102.797,107.903,107.881,107.211,107.875,105.164,105.931,103.757,108.241,104.643,104.318,103.563,107.756,107.159,107.504,108.407,105.792,107.677,103.491,107.255,106.097,106.686,107.107,107.305,108.309,109.349,106.045,103.276,106.955,105.209,102.013,108.024,103.55,107.554,104.217,106.535,106.822,105.916,104.556,109.239,105.818,106.582,107.457,104.172,105.474,105.972,106.763,106.153,108.182,108.036,107.464,108.017,106.126,105.362,108.021,104.734,104.88,105.395,106.795,102.394,107.276,103.995,105.084,107.412,107.788,105.695,107.965,106.277,108.232,106.02,106.66,107.084,106.796,104.365,108.689,104.587,106.198,105.593,109.61,108.209,106.457,104.474,107.77,106.09,106.35,105.222,106.273,107.64,106.722,106.512,105.924,110.823,107.215,107.369,103.836,103.397,105.768,106.823,106.346,107.711,105.083,105.956,106.915,104.794,104.823,107.535,107.45,104.311,106.759,108.316,103.623,104.917,109.252,101.119,106.2,106.643,105.995,108.574,104.903,105.199,105.317,108.3,102.838,106.992,107.375,104.835,107.423,107.473,106.119,105.217,110.655,105.875,106.111,103.732,106.564,108.09,103.054,106.846,104.176,107.99,104.592,109.043,108.017
16,107.534,107.545,104.549,105.367,104.447,107.453,107.711,105.202,109.413,104.994,104.208,103.604,103.666,108.223,109.284,105.728,106.647,108.219,107.676,105.446,106.439,109.179,106.295,107.952,106.402,108.066,106.346,109.709,106.805,106.852,106.987,108.028,104.161,102.341,107.862,108.275,107.902,105.858,110.377,106.971,109.096,105.934,105.578,108.368,108.499,106.054,107.277,104.698,106.562,107.991,107.577,109.93,106.958,106.573,107.685,104.911,107.692,102.536,107.655,108.267,107.159,108.325,105.507,106.316,103.724,108.52,104.856,104.764,103.316,107.814,107.874,107.835,109.023,105.723,107.459,103.93,107.85,106.664,106.348,108.387,108.512,107.915,109.876,105.828,104.225,107.393,104.986,102.203,108.995,103.978,108.09,104.5,106.81,106.822,106.923,104.751,110.156,106.429,107.424,107.199,104.209,105.888,106.5,106.454,107.113,109.478,108.957,107.012,108.177,106.618,105.493,107.39,104.607,104.669,105.804,107.363,102.684,107.911,104.047,105.244,107.975,108.563,105.909,108.144,106.431,108.081,106.243,106.778,107.239,107.475,104.252,108.943,104.486,107.33,106.547,109.997,108.908,106.323,104.259,108.805,106.081,106.26,105.205,106.132,108.068,107.002,107.484,105.555,111.855,108.436,107.456,103.302,103.923,106.843,107.541,106.64,108.235,104.892,106.26,108.013,105.144,105.186,107.747,107.488,105.27,107.943,108.531,103.846,104.729,109.623,102.094,106.375,106.678,106.815,108.556,105.894,106.11,106.063,108.375,102.891,107.153,107.194,104.586,107.712,108.051,106.851,105.618,111.58,105.676,106.432,105.542,106.743,108.584,103.726,107.385,103.342,108.39,104.922,108.823,108.113
17,107.556,108.25,104.111,105.727,104.836,107.738,108.195,105.925,110.116,105.175,104.899,103.814,104.604,108.469,109.893,105.645,106.729,108.605,108.168,105.712,106.589,109.926,106.796,107.929,106.593,108.109,106.903,110.089,106.716,107.027,107.215,109.275,104.806,102.806,107.928,108.604,108.243,106.657,110.946,107.636,109.808,106.481,106.394,108.554,108.792,106.887,107.353,105.577,106.604,107.757,107.981,111.167,106.967,107.147,107.525,105.913,108.258,103.1,108.408,109.097,107.727,108.489,105.303,106.353,104.441,108.767,105.618,106.116,103.98,108.334,108.367,108.108,108.911,106.487,107.354,104.386,107.572,107.629,106.692,108.707,108.692,108.96,110.247,106.17,103.667,107.406,105.249,102.965,110.392,104.588,108.566,104.879,107.24,107.044,108.084,105.746,110.101,106.807,107.9,107.798,104.554,105.671,106.234,107.027,107.109,109.543,108.692,107.003,109.333,107.114,105.821,108.226,104.903,105.095,106.358,108.357,103.386,109.369,104.609,105.641,107.71,109.728,106.837,108.823,106.864,108.253,106.696,107.249,107.778,107.915,103.913,109.344,105.35,108.183,106.697,110.499,109.265,106.454,104.632,109.033,106.489,105.639,105.529,106.836,109.549,107.589,109.117,106.956,112.223,108.189,107.628,103.907,104.212,107.643,107.255,106.448,108.304,105.25,107.027,108.059,105.44,105.341,108.131,108.259,105.571,108.685,109.047,103.784,105.046,110.012,102.656,107.262,106.881,107.373,109.235,106.088,106.251,106.326,109.479,103.461,108.346,107.573,104.625,107.405,108.289,107.385,106.094,111.978,106.575,107.011,106.153,107.738,109.07,104.01,108.315,103.752,109.159,105.494,108.768,108.972
18,107.91,109.387,104.235,106.59,105.16,108.213,109.288,106.438,110.096,105.737,105.554,104.178,104.372,109.096,109.842,106.314,107.185,109.123,108.651,107.234,107.002,110.526,107.21,108.976,107.815,108.57,107.134,109.876,108.206,107.207,107.397,110.596,105.799,104.203,108.396,108.863,108.711,105.866,112.245,108.845,110.064,107.07,107.398,109.149,110.215,107.491,108.305,105.917,107.316,108.279,108.614,112.283,107.173,107.902,106.929,106.249,108.305,103.873,108.804,109.693,108.219,109.229,105.707,106.092,105.103,109.482,106.938,106.164,104.528,108.811,108.888,109.066,109.417,106.764,107.596,104.657,108.214,108.47,107.189,109.72,108.47,109.626,110.408,106.651,103.535,107.776,105.068,103.359,111.473,105.608,109.322,105.217,107.511,107.592,107.666,105.497,111.33,106.879,108.267,107.986,104.689,105.804,106.412,107.869,107.946,110.377,108.962,106.848,110.022,107.969,106.123,109.327,105.47,105.073,106.969,109.189,104.037,110.437,104.722,105.635,107.997,110.448,107.839,109.938,107.252,108.577,107.424,108.236,108.112,107.965,104.068,110.144,106.138,108.794,106.961,111.48,109.606,106.408,104.859,109.335,106.267,106.164,105.736,107.233,110.018,108.33,109.489,107.349,112.929,109.152,108.165,104.408,104.049,108.289,107.452,106.89,108.923,105.577,107.362,108.692,106.067,106.224,108.898,108.64,105.806,109.844,109.561,104.127,105.642,110.958,102.788,107.626,107.576,107.4,110.277,107.308,107.463,107.508,110.291,104.071,108.648,108.318,105.09,108.122,108.959,108.007,106.24,112.69,106.863,106.42,106.919,107.935,109.29,104.873,108.225,104.264,109.244,105.877,109.923,109.179
19,107.187,109.396,105.26,106.973,105.011,108.472,110.583,106.21,110.518,106.028,105.978,104.596,104.674,109.577,110.099,106.662,108.21,108.972,110.242,107.867,108.051,111.397,107.04,109.599,108.088,108.409,106.89,110.935,108.182,107.279,107.963,111.593,106.011,104.376,108.959,109.473,108.789,106.777,112.658,108.431,110.165,107.635,108.502,109.431,110.075,108.264,108.905,106.333,109.388,108.409,109.538,113.05,107.612,107.909,107.106,107.388,108.584,105.98,108.685,110.538,108.741,110.114,105.761,106.617,105.842,109.407,106.376,107.212,105.146,108.995,109.886,109.497,109.311,106.847,108.084,104.468,108.206,109.324,107.678,109.767,109.263,110.061,110.845,106.908,104.108,108.845,105.564,102.903,112.802,106.126,110.125,105.232,108.32,107.749,108.774,105.036,112.227,106.95,108.758,107.914,105.32,105.982,106.704,107.62,108.396,110.812,108.992,107.334,110.587,108.513,107.077,110.417,105.685,105.054,107.005,109.489,103.418,111.061,105.315,105.9,108.347,111.529,108.18,110.438,107.555,109.428,107.968,108.13,108.108,108.664,104.316,110.826,106.064,109.21,107.064,111.496,110.779,105.93,105.953,109.588,107.692,106.288,106.045,107.867,111.581,108.259,110.626,107.874,112.938,109.249,109.082,105.132,104.913,108.886,107.75,107.865,109.34,106.656,106.589,109.353,106.857,106.299,109.952,109.221,106.23,110.281,109.809,104.915,105.93,110.747,102.453,107.421,107.499,107.881,110.197,106.76,107.8,107.302,109.861,104.981,108.628,109.549,105.574,107.968,108.994,108.689,106.621,113.064,107.173,108.015,107.511,108.481,109.53,104.909,107.601,105.161,109.737,106.095,110.71,108.897
20,108.264,109.658,105.253,107.799,105.517,108.746,110.863,106.329,110.496,106.202,106.173,105.419,105.015,110.273,110.737,107.723,108.859,108.772,110.305,108.645,109.061,110.867,106.703,110.431,108.09,108.028,107.246,112.141,109.144,107.752,108.456,112.611,106.926,104.826,110.162,110.203,109.705,107.33,113.371,108.678,110.815,107.922,108.971,109.346,110.919,108.849,108.757,106.823,110.27,109.102,109.388,112.698,108.16,108.545,107.564,107.808,108.626,105.803,108.895,111.03,109.528,110.754,106.194,106.498,107.13,110.525,107.15,108.429,105.146,109.466,110.845,110.599,109.628,106.774,108.948,105.319,109.013,109.301,107.802,110.868,109.267,111.113,111.245,106.39,104.19,109.415,106.148,102.515,113.274,107.698,110.484,105.828,108.44,108.769,109.771,105.814,111.852,107.122,109.356,107.77,106.512,107.089,106.785,107.9,108.97,111.544,109.222,107.202,110.747,108.589,108.113,111.492,106.168,105.975,107.709,110.456,104.362,111.486,105.69,106.627,109.403,112.19,107.93,110.866,108.507,110.257,107.905,107.976,108.529,110.189,104.25,111.378,106.371,108.685,107.378,112.304,111.716,106.109,106.255,109.126,108.258,106.6,106.51,107.639,111.992,108.736,110.903,108.219,114.004,109.922,109.661,105.042,104.935,109.843,108.029,108.394,109.75,107.086,106.712,110.737,106.858,106.21,110.32,109.621,106.66,110.658,110.561,104.625,106.045,110.295,102.428,107.256,108.506,109.425,111.133,107.85,108.517,107.262,110.704,105.007,108.539,110.335,106.623,108.657,110.317,109.392,106.744,113.18,107.114,109.059,107.841,108.975,109.381,105.741,108.44,105.47,110.893,107.069,111.288,109.367
21,108.498,110.701,106.223,108.08,106.396,109.639,111.148,106.025,111.174,106.888,106.199,105.904,105.723,110.601,111.181,108.263,109.306,110.242,110.095,108.448,109.236,110.267,107.466,110.925,109.327,108.704,107.619,112.767,109.097,108.263,108.442,113.825,107.725,105.383,110.606,110.755,109.624,108.158,113.447,109.317,111.415,107.543,110.439,109.919,111.46,109.63,109.589,107.493,111.142,109.605,109.987,113.449,108.773,108.662,107.866,107.658,109.777,105.303,108.954,112.073,110.254,110.558,106.117,106.922,107.776,111.015,107.318,108.931,106.167,110.431,111.376,110.607,109.665,107.895,108.804,106.701,109.768,109.056,108.132,111.242,109.384,111.665,111.051,106.231,105.044,109.883,106.312,103.488,114.337,106.627,110.604,106.152,108.961,109.19,110.373,106.48,112.073,107.864,109.951,108.839,106.924,107.702,107.772,108.252,108.873,111.659,109.876,107.428,110.369,109.447,108.916,111.897,106.792,106.597,108.469,111.048,104.677,112.851,106.548,106.885,110.684,112.562,108.96,111.373,109.069,110.645,108.686,108.688,109.051,110.72,105.077,111.958,107.575,108.279,107.495,112.129,112.455,106.468,106.916,108.765,109.082,106.308,107.339,108.28,112.977,110.164,112.352,108.439,114.542,110.011,110.308,104.858,105.923,110.94,108.201,107.763,110.675,107.598,106.714,110.824,106.862,106.693,110.614,109.947,107.561,110.465,110.795,104.821,106.642,110.46,102.417,107.39,108.164,109.319,112.893,108.11,108.967,108.07,111.696,104.708,108.752,110.099,106.729,109.633,110.846,109.864,106.725,114.584,106.678,109.68,108.143,109.759,109.695,106.061,108.384,105.614,110.644,107.124,110.864,109.686
22,109.076,111.965,106.28,109.095,107.124,110.184,111.214,106.645,110.789,107.164,106.218,106.185,106.248,110.914,110.413,108.307,109.4,109.973,110.542,109.717,110.568,111.574,106.861,111.78,110.023,108.509,109.054,113.991,109.01,109.199,109.438,114.155,108.687,106.267,111.411,110.965,109.657,108.54,113.435,110.021,112.116,107.605,110.457,110.679,112.386,109.44,109.426,108.522,111.776,109.305,111.575,113.637,108.876,108.864,107.351,107.754,109.997,105.131,108.984,112.152,110.745,109.806,106.798,107.925,108.816,111.341,107.493,109.289,106.938,110.635,112.246,110.877,109.896,107.839,108.956,106.835,110.231,110.351,108.469,111.351,109.503,112.425,111.14,106.814,105.409,110.222,106.746,104.376,114.282,107.733,110.832,105.326,108.975,109.363,111.103,106.21,112.672,108.501,110.868,109.828,107.978,109.117,108.178,108.885,109.076,111.302,111.106,108.04,111.337,109.729,109.674,112.301,107.239,107.503,109.024,111.924,104.888,113.653,107.085,107.465,111.034,111.919,109.02,112.013,109.17,111.115,108.343,108.397,109.8,111.327,105.057,112.332,108.613,108.404,108.502,113.614,112.612,106.984,107.601,109.195,109.675,107.535,107.699,109.772,113.063,110.112,112.212,108.995,114.596,110.234,111.333,105.48,105.81,111.318,108.965,108.824,111.413,107.067,106.925,111.615,107.633,106.917,111.907,110.569,107.851,111.38,111.879,104.25,106.088,110.631,102.035,107.474,108.558,109.444,113.497,108.709,108.646,108.139,112.325,105.419,109.84,110.314,106.007,110.286,111.353,110.284,107.936,115.262,107.079,110.895,108.661,110.713,110.477,105.725,108.708,105.906,111.304,107.736,111.334,110.694
23,109.128,113.555,106.911,108.688,107.189,110.325,112.144,107.497,110.949,107.685,107.081,107.091,106.777,110.839,110.537,108.738,109.629,109.974,110.985,110.116,110.587,112.835,107.146,113.095,109.912,108.585,108.791,114.066,108.966,109.736,109.669,114.808,108.88,106.696,111.376,111.39,110.488,109.318,113.101,110.012,111.763,107.179,110.253,110.957,113.029,110.082,110.506,108.97,112.606,109.314,111.958,114.512,108.847,109.364,107.713,108.573,109.873,105.122,109.356,112.229,111.617,110.582,107.43,108.453,108.826,111.97,107.717,110.324,107.792,111.545,113.729,111.041,110.051,107.708,109.934,106.584,111.4,110.498,108.93,111.121,109.666,112.982,111.871,106.581,104.934,109.536,107.075,104.602,115.035,108.17,111.179,105.966,110.113,109.79,111.852,106.748,113.436,109.607,111.031,110.493,108.259,109.404,108.636,108.921,109.686,111.417,111.793,108.1,112.241,110.198,110.118,112.166,108.567,107.767,110.214,112.792,104.729,115.096,106.786,108.227,111.682,113.159,109.363,112.069,109.651,111.705,109.154,108.437,110.542,112.243,104.871,112.201,108.679,109.189,109.255,114.168,112.781,106.879,107.637,109.615,110.081,108.047,107.841,110.09,113.713,109.86,112.733,109.205,115.523,110.83,112.027,104.744,106.5,111.983,109.729,109.33,111.398,108.085,106.931,111.878,107.69,106.583,112.806,111.198,107.901,111.584,112.062,103.952,106.213,111.455,102.559,108.982,108.759,109.979,114.056,108.53,109.838,108.907,112.985,105.92,110.319,110.37,107.409,110.505,112.025,110.58,108.718,114.961,107.938,110.753,108.721,111.635,111.207,106.747,108.994,106.722,111.697,108.282,111.945,111.826
24,110.102,114.229,106.882,108.781,107.628,110.806,113.192,107.846,111.549,108.082,106.592,107.942,107.815,111.536,110.422,109.029,109.828,110.504,111.376,110.431,111.551,113.037,108.104,112.416,110.848,109.093,110.263,114.777,108.95,109.913,110.165,115.736,109.193,106.66,111.876,111.718,111.336,109.282,113.972,111.272,112.138,107.965,111.356,111.209,113.87,111.234,111.356,109.949,112.832,110.047,111.996,114.311,109.815,109.165,108.172,109.717,109.724,105.677,109.302,112.645,111.778,112.311,107.944,108.611,109.574,112.052,108.395,111.534,108.041,112.388,113.894,111.533,110.113,108.018,109.795,106.776,112.146,111.037,109.643,111.665,109.852,113.166,112.978,106.452,105.437,109.832,107.434,105.022,115.344,109.16,111.78,106.165,111.034,110.122,112.303,107.841,113.039,110.255,110.62,110.66,108.349,109.152,108.67,108.96,110.658,111.768,111.597,108.758,112.471,110.681,111.088,111.93,108.729,107.106,110.829,113.108,105.457,115.661,107.415,109.219,111.866,113.656,109.269,112.844,110.18,111.73,108.823,109.083,111.051,113.377,105.639,112.9,108.788,109.503,109.902,114.375,113.658,106.942,107.521,110.622,111.234,107.945,108.135,110.401,113.902,109.8,113.691,110.206,116.011,111.987,112.573,105.113,107.082,112.164,110.315,109.532,112.098,108.727,108.222,111.892,107.598,107.888,113.226,110.846,108.449,112.126,111.92,104.053,107.454,111.885,103.321,109.67,108.658,110.503,113.71,108.458,110.48,109.04,113.147,106.023,110.597,110.087,107.878,111.194,112.422,110.864,108.467,115.882,108.067,111.023,109.048,111.624,112.277,106.564,109.85,107.16,112.364,107.978,112.36,112.757
25,110.895,114.605,107.228,109.439,108.115,110.777,112.864,109.419,111.981,108.808,107.315,107.85,108.453,112.156,111.14,109.61,109.907,111.599,111.627,111.625,111.99,114.252,107.654,112.566,111.32,109.212,110.953,114.726,109.849,109.294,110.686,116.587,110.044,106.388,112.791,112.266,111.445,109.233,113.833,112.313,112.11,109.305,112.568,112.111,114.079,111.677,112.627,110.357,113.964,109.79,112.498,114.591,110.239,109.521,108.851,110.128,111.177,106.946,109.324,112.99,112.403,112.894,108.244,109.071,110.07,112.665,108.254,112.22,108.928,112.931,114.478,112.289,110.97,109.171,109.78,107.306,112.836,111.92,109.584,112.095,110.155,112.875,114.019,106.917,106.551,110.761,108.312,105.396,116.144,109.552,112.054,106.998,111.252,110.721,112.802,107.895,113.752,110.33,111.136,111.449,108.213,109.417,109.764,109.649,111.482,111.863,111.812,109.131,113.419,110.45,111.275,112.387,108.799,107.669,110.987,113.586,106.064,116.525,108.136,110.488,112.489,114.037,109.384,112.647,110.903,112.232,109.048,108.874,111.582,113.76,106.01,112.972,109.073,110.408,109.544,114.601,114,106.873,107.372,111.118,111.899,108.726,108.628,111.243,114.091,109.653,114.799,110.249,116.167,112.314,113.237,105.169,107.608,112.989,110.627,110.418,113.086,109.129,108.463,112.516,107.926,107.902,113.277,110.99,109.531,112.184,112.351,104.594,107.542,113.123,102.73,110.674,109.12,110.985,114.008,109.099,110.549,109.371,114.104,106.148,110.967,110.791,107.815,112.081,112.697,111.333,108.863,116.066,108.244,112.401,110.307,112.01,112.287,106.507,110.237,107.331,113.653,108.258,111.755,113.958
26,111.632,114.796,107.314,109.724,108.257,111.27,112.818,109.637,112.018,109.81,108.231,108.43,108.508,112.558,111.486,110.348,111.133,111.784,112.463,111.883,112.577,114.753,108.645,113.23,112.022,109.998,111.53,114.842,110.305,109.556,110.298,117.5,110.081,107.08,113.425,112.744,112.367,109.986,114.498,112.878,113.327,109.268,113.651,112.388,114.683,111.874,113.186,110.856,113.858,110.228,114.166,115.776,111.247,109.747,109.971,111.321,111.608,108.024,109.728,113.385,112.439,112.127,107.644,109.42,111.164,112.859,109.207,112.459,109.659,113.858,115.196,112.094,111.764,110.155,110.693,107.445,113.344,112.35,109.701,112.281,110.423,112.931,114.592,107.929,107.551,110.857,108.712,106.052,116.01,110.438,112.221,107.926,111.015,110.925,114.137,109.008,114.392,110.235,111.311,111.966,107.643,109.374,110.987,110.532,111.888,112.096,112.415,109.795,114.364,110.918,111.882,112.949,108.519,107.234,110.475,113.888,106.464,117.223,108.963,111.24,113.002,115.012,110.289,112.557,110.335,112.793,109.757,109.214,111.399,114.775,106.683,114.09,110.13,111.737,110.351,115.623,114.32,106.62,107.866,111.539,112.355,108.529,109.111,111.469,114.961,109.667,115.525,110.982,116.509,112.347,113.18,106.251,107.327,113.263,110.508,111.188,113.943,110.07,109.051,112.026,107.993,108.961,113.651,111.237,110.657,112.892,112.358,105.952,107.361,113.568,103.285,111.599,109.459,111.74,114.419,109.604,111.51,109.873,114.637,106.795,111.317,110.53,107.966,112.611,113.687,111.553,108.547,116.907,108.993,112.6,110.296,112.246,113.004,106.132,110.856,108.464,114.664,108.919,112.69,114.929
27,111.826,115.594,107.863,109.504,108.703,112.265,113.033,111.655,112.79,109.99,109.151,109.417,108.514,113.642,111.381,110.893,111.442,112.965,112.586,111.886,112.488,115.007,109.163,113.379,112.428,110.842,112.867,115.728,111.148,110.57,111.008,117.884,110.497,107.043,113.491,112.799,112.959,110.724,114.784,113.855,114.193,109.422,113.796,112.138,115.387,112.118,113.975,111.584,113.96,110.46,114.176,116.866,111.092,109.977,110.533,112.036,112.146,107.962,109.737,114.063,113.18,112.198,107.546,109.721,112.071,114.032,110.617,113.539,109.759,113.683,115.661,112.337,112.889,110.474,110.987,108.185,113.396,112.518,110.247,112.832,110.518,113.871,115.138,108.449,107.38,111.762,109.427,106.676,116.576,111.434,112.333,107.22,111.203,112.101,114.247,109.231,114.644,110.451,111.568,112.626,107.523,109.641,111.545,109.951,112.16,111.999,113.157,110.696,115.416,111.407,112.065,113.097,109.351,108.274,109.921,114.996,106.467,117.452,109.657,111.056,113.622,115.044,110.63,113.275,109.904,113.375,110.371,109.986,112.479,114.954,106.83,114.415,109.964,111.774,110.943,116.142,114.252,106.703,108.537,111.96,112.851,109.012,110.353,112.526,115.594,110.615,115.867,111.898,116.506,113.452,112.556,106.359,106.776,113.688,111.421,111.274,114.334,110.575,108.998,111.901,108.14,108.905,113.797,110.815,111.093,113.556,112.589,106.412,107.777,113.863,104.025,111.811,109.402,112.295,115.172,109.742,111.808,110.417,114.627,107.362,112.149,111.302,108.637,113.662,114.489,111.978,109.307,117.438,109.782,113.111,109.813,112.293,113.934,106.475,110.902,109.398,115.588,109.959,112.583,115.949
28,113.009,116.777,107.277,109.816,109.345,112.555,112.726,112.092,113.073,109.956,109.503,109.781,108.656,114.3,111.738,112.209,111.329,113.406,112.947,112.496,113.333,116.748,110.447,113.322,113.597,111.459,112.722,115.913,111.84,110.689,112.241,118.905,110.797,107.216,113.958,113.368,112.779,110.924,115.031,114.424,114.846,110.164,114.875,112.476,116.351,111.705,114.802,111.154,114.03,110.654,115.034,116.577,112.059,110.781,111.925,112.432,112.199,108.307,110.118,115.328,113.941,112.225,107.726,109.471,113.034,114.421,111.114,114.116,110.223,113.97,115.787,113.212,113.926,111.124,111.451,109.421,113.471,113.261,110.537,113.437,111.298,114.038,115.821,107.973,106.658,112.05,110.191,107.486,116.497,112.149,113.385,107.302,111.342,112.918,114.829,109.952,114.627,111.487,111.471,113.22,108.778,110.457,111.675,110.31,111.654,111.766,113.308,110.927,115.651,111.266,111.688,113.497,109.733,108.166,110.827,116.168,107.229,117.994,109.626,111.686,114.712,115.585,110.825,113.585,109.882,114.576,110.314,111.714,113.329,114.922,107.063,115.315,110.235,111.587,111.778,116.232,114.337,106.313,108.414,112.202,112.919,109.209,110.889,112.567,116.808,111.155,116.065,113.091,116.949,113.12,113.612,107.515,107.199,114.527,111.691,112.513,114.948,111.378,109.229,112.681,108.479,110.124,114.3,110.451,111.353,114.182,113.013,106.271,108.113,114.092,103.632,111.38,109.417,112.269,115.653,109.72,112.006,110.403,115.112,107.756,112.649,112.064,109.163,113.248,115.425,112.339,109.491,118.738,110.247,114.01,110.169,113.205,114.351,106.92,112.03,110.476,116.448,109.732,113.212,115.262
29,113.28,117.575,108.257,110.093,110.029,113.071,112.186,112.716,112.917,111.036,110.21,109.642,109.736,114.6,111.986,112.488,111.176,113.479,113.429,112.797,113.956,117.148,110.265,114.135,114.381,112.104,113.016,116.115,111.948,110.834,112.708,119.043,111.214,107.624,114.388,113.627,113.068,111.378,115.563,114.614,115.628,111.753,115.463,112.256,116.867,112.508,114.704,111.294,115.779,110.539,114.811,117.798,112.029,112.084,112.197,112.183,112.788,108.551,110.339,115.927,114.21,112.562,108.069,109.33,113.355,115.599,112.562,115.401,110.49,114.869,116.172,114.172,114.477,111.778,112.03,109.802,114.031,113.17,110.724,113.613,111.804,114.595,115.313,107.953,106.913,112.414,110.063,108.203,117.188,112.083,113.665,107.641,112.293,112.374,115.652,110.577,114.822,112.57,112.304,113.741,109.162,111.362,112.489,110.569,111.909,111.626,113.398,111.482,115.404,110.97,112.01,113.643,109.671,106.949,112.07,116.25,107.539,118.702,110.385,112.035,115.502,116.804,111.099,114.041,110.134,115.623,110.89,111.59,113.737,115.245,108.02,115.571,110.016,111.425,111.711,117.045,114.93,106.784,108.548,112.864,113.483,109.063,111.34,112.503,116.901,111.512,116.295,113.611,118.808,113.373,114.043,107.452,108.151,114.861,111.927,112.804,115.257,111.273,109.015,113.016,108.376,110.566,114.96,111.598,112.289,114.351,113.405,106.723,108.644,114.235,104.585,111.812,110.108,112.69,115.906,110.274,112.104,110.807,116.268,108.207,113.279,112.513,109.733,113.939,116.411,112.63,110.454,119.233,110.109,114.468,110.189,114.305,114.327,108.265,112.361,110.338,116.792,109.859,114.06,116.2
30,114.632,117.965,109.12,110.366,110.125,113.142,113.137,113.916,113.613,111.168,110.138,110.308,108.605,115.386,112.756,113.306,111.13,113.582,114.31,111.874,114.051,118.21,111.082,114.399,114.117,112.857,113.193,116.17,112.335,110.916,113.588,119.978,112.045,108.967,114.942,114.754,112.636,111.606,116.949,115.295,115.93,112.223,116.239,113.494,117.492,113.542,115.15,111.306,115.92,111.546,116.303,118.518,112.896,112.83,112.689,112.575,113.271,109.332,111.719,117.247,115.028,113.775,108.971,108.879,114.076,115.722,113.193,116.141,110.736,114.389,116.931,114.216,114.889,112.375,113.027,109.891,114.021,113.86,111.416,113.935,112.515,115.601,115.93,108.182,107.827,113.248,110.524,108.966,118.209,112.674,113.783,107.892,112.784,112.707,115.706,110.753,115.524,112.604,112.458,114.531,110.136,111.571,113.564,110.448,112.079,112.016,113.636,111.88,115.884,111.048,112.303,114.324,110.336,106.72,112.551,117.239,108.181,118.884,111.021,112.847,115.645,117.414,111.813,114.426,111.384,116.713,111.763,112.187,114.446,115.759,107.931,116.492,111.045,111.86,112.034,117.728,115.814,107.363,108.842,113.369,113.948,108.952,111.842,112.839,117.818,112.372,115.883,113.19,118.595,113.97,115.513,108.119,108.262,115.17,112.396,112.79,115.846,111.056,109.415,112.879,108.777,111.062,114.602,111.529,113.229,114.663,113.128,107.373,109.457,114.67,105.391,112.153,110.325,113.52,115.788,111.842,112.497,111.444,116.591,108.827,113.481,113.17,111.028,113.903,116.643,113.512,110.057,119.31,110.437,114.4,110.739,115.017,114.688,109.165,112.428,110.327,117.078,110.276,114.413,117.147
31,114.64,118.01,111.196,109.913,110.6,113.745,113.543,114.418,113.466,111.878,110.693,110.285,108.78,115.372,112.931,113.799,111.703,113.341,115.307,111.863,113.71,117.664,111.535,114.608,114.163,113.811,113.474,117.091,112.078,110.756,114.379,120.404,113.174,109.225,116.077,115.442,113.541,111.631,117.212,116.112,116.998,112.781,116.627,113.693,117.628,113.489,115.213,111.045,116.371,111.061,117.013,119.229,113.546,113.108,112.819,113.464,113.713,110.072,112.313,117.102,115.658,114.652,110.654,109.566,115.019,116.336,113.969,117.035,110.862,114.688,117.824,115.079,114.818,112.559,113.532,110.491,114.833,114.56,112.246,115.152,111.984,115.515,116.418,107.807,108.259,113.653,110.561,108.833,118.491,113.651,114.949,108.654,113.118,113.813,116.174,112.057,116.004,113.351,112.286,114.169,110.425,112.519,113.985,111.049,112.52,112.64,113.77,112.3,116.275,110.971,112.873,114.326,110.474,107.247,113.046,117.829,109.505,118.41,112.176,113.182,116.252,117.629,112.193,115.262,111.836,117.061,112.096,112.777,114.083,116.049,108.616,117.518,111.172,111.49,113.092,118.665,115.791,107.811,109.733,114.451,115.123,109.945,111.822,113.636,118.376,112.905,115.951,113.852,119.275,114.691,115.962,107.469,108.718,115.222,113.581,112.962,116.32,111.306,110.482,113.757,109.982,111.707,115.649,111.862,114.13,114.983,113.589,108.782,110.297,115.281,106.518,112.655,110.406,114.376,116.124,112.726,112.606,111.58,116.506,108.879,113.512,113.778,111.26,114.28,116.575,114.587,110.249,119.878,111.493,114.273,110.777,115.002,115.7,109.864,112.892,110.564,116.346,110.681,114.593,117.824
32,116.605,118.864,111.77,109.736,110.593,115.219,114.758,115.174,113.689,112.57,111.45,110.681,109.669,116.509,112.71,113.639,113.059,114.497,116.07,111.853,114.285,117.679,111.693,115.17,115.342,114.079,113.737,117.523,112.259,110.637,115.848,121.399,113.711,108.978,116.549,116.163,114.197,112.141,117.245,117.127,117.608,114.414,116.309,114.034,117.592,114.231,115.541,111.204,117.442,111.982,117.426,119.845,114.5,113.102,112.982,113.075,114.638,110.858,113.34,117.272,115.18,115,111.705,109.518,115.728,116.902,114.689,117.304,111.622,115.052,118.709,115.099,115.712,112.118,114.06,110.96,115.973,115.107,113.229,115.444,112.733,116.733,117.222,107.872,108.982,113.787,110.431,109.895,118.336,114.325,115.133,109.874,113.65,115.035,116.633,112.701,116.32,113.46,113.127,114.534,110.253,114.028,114.429,111.206,112.075,113.014,114.232,111.659,117.022,111.146,113.759,114.855,110.336,107.579,113.577,118.564,109.869,119.406,112.23,113.93,117.836,118.141,113.586,116.117,111.781,117.464,112.555,112.419,114.615,116.53,109.036,118.886,111.469,112.138,113.034,119.503,116.468,108.7,110.314,114.966,116.114,110.607,111.686,114.783,118.485,113.438,115.704,113.815,118.769,115.062,115.457,107.928,109.398,115.681,114.007,113.358,117.391,111.394,110.095,113.34,110.401,112.141,116.109,112.429,114.681,114.748,114.554,109.527,110.323,115.601,105.921,113.352,110.589,114.717,116.206,112.527,113.397,111.415,116.908,109.415,114.607,114.342,111.361,114.44,117.166,115.336,110.965,119.734,110.917,115.289,111.506,116.232,115.955,110.291,113.134,111.421,117.237,111.272,115.526,118.801
33,117.312,118.804,112.841,109.58,111.235,116.459,115.02,115.904,114.794,113.144,111.57,110.937,109.317,116.341,113.353,114.365,113.193,114.695,116.914,112.39,115.18,118.605,112.454,115.859,115.751,113.834,114.301,117.783,112.503,111.491,116.308,121.773,114.87,110.037,117.084,116.784,115.927,112.351,118.6,117.275,118.208,114.611,117.296,114.947,117.84,114.262,116.387,111.445,118.149,112.3,116.857,120.348,114.988,113.999,113.243,113.149,114.561,110.981,113.686,117.775,116.134,114.611,111.46,108.757,115.768,117.704,115.269,117.237,112.848,114.868,119.065,115.441,116.123,113.033,113.274,111.27,116.298,116.149,112.981,115.301,112.093,117.229,118.466,108.152,109.326,114.909,111.143,109.993,118.559,115.272,115.823,110.12,113.856,114.937,116.091,113.142,116.069,113.489,113.892,114.885,111.397,114.531,115.487,111.599,112.132,113.854,115.331,111.992,117.477,110.954,114.178,115.162,111.239,107.173,113.064,118.657,110.191,119.782,112.897,114.238,119.485,117.88,113.858,115.918,112.24,118.342,113.628,113.197,114.961,116.82,108.967,119.766,112.778,112.752,113.746,119.963,117.017,108.708,110.81,115.808,116.492,111.729,112.335,114.886,119.646,114.197,116.364,114.444,119.023,115.097,116.206,107.58,109.579,116.089,114.742,113.404,118.292,112.105,110.52,113.427,110.572,112.368,116.451,112.754,115.097,115.156,114.879,110.483,109.734,115.689,106.058,113.081,111.293,114.064,116.375,112.855,113.888,112.128,116.461,109.859,114.681,115.237,112.104,114.939,116.9,115.984,111.152,120.76,110.367,115.622,111.645,116.607,116.31,109.855,112.815,112.272,117.245,111.588,114.662,118.99
34,117.13,119.321,113.071,109.821,111.431,116.427,115.975,116.734,114.352,114.414,111.637,112.248,110.191,116.713,113.369,114.534,113.663,115.502,117.763,113.358,115.141,119.18,112.996,116.097,115.648,114.112,115.403,118.266,112.928,111.871,117.341,122.043,116.523,110.767,118.08,116.715,116.637,112.479,118.634,116.9,119.158,115.692,117.864,115.448,118.16,114.505,116.43,111.637,118.091,112.341,116.914,120.7,115.61,114.609,113.36,113.564,114.42,111.906,114.292,118.856,116.573,115.767,111.744,109.586,115.842,118.254,115.672,117.498,113.122,115.174,118.836,116.757,116.487,113.368,114.032,111.086,116.183,116.104,112.393,115.512,111.884,116.921,119.31,108.24,110.134,116.029,110.816,110.088,118.719,115.472,115.765,111.026,114.099,115.84,117.593,112.862,116.671,114.351,113.987,115.047,111.121,114.747,115.601,111.868,112.59,114.02,115.455,112.855,117.697,111.875,116.329,115.505,111.019,107.724,113.335,119.162,110.297,120.9,113.78,114.889,120.572,118.884,114.089,116.727,113.204,119.986,114.431,112.982,115.546,117.418,109.973,120.658,113.004,113.861,114.327,119.988,117.937,109.407,111.078,115.945,116.768,112.252,112.968,115.036,120.594,115.555,116.299,114.716,120.348,115.777,117.714,107.976,110.044,116.823,114.725,113.674,119.584,112.178,110.986,112.87,111.107,112.86,117.068,113.986,115.321,115.821,115.892,110.94,109.738,116.183,106.538,113.752,112.204,115.307,116.903,113.448,114.518,111.86,117.832,110.128,115.08,115.835,111.48,115.907,117.086,117.079,111.74,122.698,111.359,116.592,112.119,117.05,116.938,110.72,113.292,113.038,117.971,111.915,115.581,118.693
35,116.402,119.457,113.271,110.041,111.905,116.694,116.671,117.24,114.074,114.924,112.649,113.381,111.017,117.474,113.591,116.155,114.827,116.968,117.773,114.27,114.438,119.473,112.765,116.641,116.723,114.406,116.392,119.626,113.452,112.085,117.809,122.394,116.651,111.96,117.798,117.178,117.158,113.254,119.354,116.957,119.53,116.809,118.159,116.158,118.143,115.86,116.269,111.739,119.574,112.745,116.957,120.621,115.305,114.444,114.288,113.902,114.976,111.891,114.292,120.368,117.769,116.012,111.913,110.027,116.69,119.119,116.147,118.217,113.041,115.361,119.236,116.894,116.212,114.086,114.784,111.771,116.065,116.062,113.058,116.647,111.641,117.392,119.151,108.777,110.135,116.322,112.302,110.637,119.55,116.427,115.806,110.659,115.223,115.634,118.137,113.398,117.202,114.905,114.745,116.232,111.887,115.66,115.968,112.857,113.21,114.566,116.604,112.806,118.453,112.263,116.592,116.024,111.285,108.315,114.109,119.519,110.015,121.036,114.076,115.353,121.325,118.824,114.931,118.181,113.037,119.399,115.638,112.996,115.643,117.978,110.849,121.259,112.608,114.907,114.364,120.334,118.457,109.282,112.248,116.022,116.959,112.517,113.01,114.816,121.026,116.449,116.803,114.854,121.167,115.774,118.057,108.867,110.286,116.875,114.711,114.259,119.375,112.369,111.169,113.441,112.328,113.105,116.99,114.343,115.784,116.102,116.105,111.774,111.135,116.097,106.844,113.826,113.526,115.32,117.572,115.102,115.263,111.522,118.766,111.352,115.858,116.53,111.464,116.297,117.908,117.9,111.977,123.28,112.108,116.765,112.839,117.923,116.457,111.646,114.357,113.585,118.032,112.526,115.955,118.806
36,116.796,120.306,113.199,110.033,112.678,117.179,116.431,117.384,114.416,114.859,112.635,113.918,111.586,118.015,113.903,116.033,115.268,117.225,118.408,115.007,115.008,119.404,113.21,118.151,117.318,114.757,116.573,119.571,113.693,111.92,118.247,123.035,117.411,112.031,118.632,117.663,118.021,113.693,120.057,117.044,120.707,118.02,119.047,117.151,118.511,115.93,116.532,112.404,119.413,113.282,117.481,120.858,115.696,114.839,114.822,114.769,115.408,111.573,114.774,121.359,118.424,116.316,112.858,111,117.448,119.113,116.092,118.416,113.539,115.397,120.062,117.398,117.354,115.57,115.203,112.69,116.583,117.16,113.326,116.896,112.104,117.516,119.707,109.08,110.826,116.379,112.184,110.619,120.639,117.205,116.005,110.608,115.758,115.41,119.119,114.173,118.392,115.149,114.729,116.765,112.229,116.424,118.443,113.113,114,115.279,117.684,113.558,118.64,112.479,116.874,116.479,111.321,108.875,114.616,119.975,110.624,121.37,114.421,115.655,122.242,119.818,114.918,119.232,113.808,120.084,116.202,113.551,116.372,118.535,110.879,121.119,113.686,115.99,114.658,120.32,119.65,109.008,112.651,116.852,117.435,113.313,114.178,115.935,121.225,116.202,117.705,115.811,121.175,115.946,118.153,108.78,110.083,116.864,115.734,114.979,120.233,113.555,112.572,114.283,112.875,114.081,117.23,114.852,115.189,116.958,115.783,111.671,111.295,116.509,107.264,114.267,113.638,115.315,118.236,115.108,114.742,111.837,120.222,112.194,115.695,116.806,111.637,116.488,119.107,118.373,112.121,123.361,112.629,118.308,113.203,117.546,116.253,112.639,114.5,115.271,118.334,113.926,116.226,119.657
37,116.821,120.273,113.259,110.672,112.771,118.484,117.407,118.211,114.417,115.409,111.898,113.96,111.375,118.293,114.281,116.329,115.171,118.481,119.51,115.026,116.071,119.876,113.944,118.723,117.42,115.959,117.164,120.847,114.135,112.095,118.997,123.657,119.166,112.368,119.051,118.243,118.109,114.754,119.992,117.498,121.537,117.89,119.297,117.799,118.392,117.093,116.496,111.549,120.125,113.034,117.603,121.652,116.673,115.656,115.2,115.432,116.076,111.536,114.759,121.28,119.19,116.323,113.194,111.265,117.946,118.695,117.195,118.68,113.629,115.617,120.05,117.447,117.192,115.916,115.975,113.097,116.887,117.381,112.537,116.611,112.897,118.05,120.03,109.441,111.236,116.545,112.042,110.301,121.6,117.511,115.932,111.314,116.744,116.393,119.767,114.67,118.36,115.433,115.298,117.676,112.732,117.372,118.45,114.353,114.526,115.183,119.118,114.053,118.521,112.585,116.734,116.862,111.15,109.338,114.411,120.95,111.134,121.941,114.469,116.952,123.123,120.743,114.998,119.627,114.289,121.314,116.44,113.471,117.002,118.795,111.017,121.841,114.371,116.893,114.582,120.458,120.069,109.931,113.277,117.227,117.011,113.451,114.073,116.443,120.775,117.13,118.658,115.516,122.283,116.738,118.778,108.594,111.215,118.284,115.921,115.642,120.664,113.587,112.704,115.164,114.173,114.204,117.316,116.061,115.777,117.806,115.775,111.812,111.813,116.818,107.824,115.111,113.879,116.13,118.453,116.218,115.04,111.711,121.254,112.807,115.764,117.42,112.015,116.476,120.043,118.763,113.096,123.47,113.026,118.609,113.456,117.771,116.37,112.481,115.628,116.211,118.244,114.232,116.499,120.022
38,118.173,120.717,113.763,111.575,113.447,118.853,118.601,117.819,114.611,116.79,111.993,114.791,111.106,119.797,114.108,116.435,115.019,117.931,119.931,115.766,116.653,120.42,114.112,118.741,117.465,115.722,117.505,121.036,114.386,113.426,119.41,123.951,119.797,112.419,119.616,118.711,118.968,115.475,120.273,118.786,120.855,119.081,119.787,118.218,119.682,117.428,117.311,112.174,120.518,113.501,118.672,121.981,117.977,116.436,115.386,116.086,116.744,111.397,115.829,121.401,119.502,117.083,113.287,112.424,117.932,119.148,118.529,117.645,113.458,115.592,121.398,117.934,117.763,116.208,116.303,113.268,117.372,117.059,113.541,116.991,113.53,118.516,120.803,109.919,111.551,117.702,112.453,110.292,122.293,118.867,116.248,112.024,116.943,116.662,120.709,114.921,118.608,115.862,116.411,118.895,114.006,117.958,118.663,115.038,114.518,115.592,120.159,115.682,119.274,112.377,117.754,117.132,111.558,109.582,115.043,121.519,111.588,122.102,114.672,118.181,124.27,121.908,114.975,119.781,114.668,120.384,116.717,112.713,118.382,119.004,110.727,121.583,115.213,117.962,114.705,120.525,121.34,110.007,113.823,118.61,117.647,113.662,114.394,117.654,121.133,118.775,119.42,115.435,123.124,117.651,119.742,108.164,111.832,119.087,116.943,115.934,120.959,114.186,112.638,115.436,115.033,114.74,118.131,116.283,116.323,118.151,115.533,113.704,112.407,117.897,108.901,115.759,114.086,116.704,119.002,116.879,116,112.106,121.977,112.107,116.044,118.231,112.15,117.006,119.969,118.689,113.346,124.634,112.999,119.769,114.073,118.734,117.501,112.885,116.363,116.62,118.783,114.077,116.255,120.999
39,118.213,120.817,114.034,112.274,114.035,119.16,118.183,117.854,116.155,117.454,112.501,116.13,111.65,120.671,114.65,116.498,116.245,118.223,119.689,116.491,117.576,120.438,114.633,119.948,117.523,116.38,118.347,121.473,115.245,113.921,120.314,124.584,119.116,112.484,120.697,118.972,119.711,116.222,120.615,118.159,121.718,120.113,120.099,117.29,119.363,117.988,117.58,112.8,120.919,115.032,118.698,122.409,119.121,117.853,115.791,117.534,116.627,112.851,115.882,120.795,118.597,117.469,113.439,112.886,118.511,119.253,118.896,118.286,114.551,116.482,121.534,117.606,118.314,116.69,116.388,113.583,118.844,117.608,113.722,117.927,114.211,118.566,122.318,109.677,111.56,118.198,113.674,111.234,122.931,118.649,116.666,113.112,117.159,117.118,120.693,115.186,118.844,115.927,116.737,119.352,114.169,117.714,118.996,115.478,115.431,115.752,120.73,116.542,119.468,113.216,117.388,118.315,111.331,110.207,115.847,121.757,112.052,123.283,114.128,118.477,124.963,122.768,114.952,120.398,115.59,121.628,117.517,113.68,117.994,119.488,111.417,122.599,114.526,118.639,115.289,121.272,121.84,110.528,113.8,118.386,118.098,114.769,115.46,118.85,121.028,119.032,120.203,116.237,123.375,117.749,119.991,109.599,111.904,120.16,117.512,115.472,121.764,114.6,112.718,115.716,116.283,115.292,117.882,116.831,117.242,118.357,116.212,114.336,113.877,118.433,109.635,115.995,114.446,116.628,118.773,116.672,116.656,112.073,121.816,112.456,116.466,118.143,113.18,117.349,120.516,119.834,114.225,124.531,113.883,120.174,115.015,119.684,118.574,113.37,117.442,116.649,118.746,113.551,116.977,121.405
40,118.617,121.498,113.765,112.619,114.347,119.812,118.654,119.014,116.57,118.233,113.523,117.121,111.416,120.359,114.997,117.407,117.451,119.057,120.01,117.1,117.865,120.193,115.432,120.368,117.727,117.05,118.763,122.188,115.286,114.371,121.214,124.833,120.795,112.522,121.005,119.633,120.902,117.134,121.182,118.207,122.9,120.279,121.183,117.906,119.081,119.267,118.349,113.064,122.064,115.361,119.615,122.782,119.984,118.391,117.696,117.105,116.784,113.4,116.768,121.344,118.783,117.787,113.724,111.926,118.664,120.053,119.478,119.457,115.31,116.253,122.854,118.204,118.286,116.667,117.168,114.469,119.251,117.605,115.191,117.608,114.947,118.531,122.587,109.961,111.72,118.242,114.679,112.276,123.692,119.899,117.451,113.964,117.791,117.147,121.305,115.209,119.51,117.232,117.426,119.412,114.844,117.343,119.68,116.161,115.69,116.547,121.439,117.271,118.975,113.671,118.05,118.477,112.253,110.258,116.5,120.944,112.33,123.633,115.279,119.735,125.319,123.424,115.62,120.726,115.178,121.488,117.744,114.496,118.472,120.019,111.136,122.885,114.83,119.43,115.583,122.217,122.916,111.367,115.411,119.11,119.051,115.109,116.302,120.53,122.458,119.42,120.437,116.971,124.567,117.811,120.926,110.443,112.484,120.445,117.226,115.788,122.322,115.249,113.947,115.774,116.458,115.971,117.81,117.041,118.109,118.452,116.778,114.491,114.839,118.572,109.972,117.174,115.093,116.384,119.226,116.95,117.181,112.417,121.491,112.364,116.261,118.621,114.123,118.007,120.738,120.314,115.131,125.258,113.715,120.508,115.779,120.307,118.698,114.015,117.643,116.913,119.548,114.536,117.032,121.574
41,117.736,122.362,113.496,113.748,115.71,121.742,120.052,119.948,117.301,119.753,114.074,117.026,112.512,121.31,116.505,118.411,118.276,119.707,120.265,117.759,117.804,119.94,116.256,120.316,117.778,117.376,119.451,122.128,115.655,114.057,122.059,124.928,120.433,113.08,121.623,120.056,121.379,116.912,121.593,119.812,124.093,121.157,122.364,118.051,119.48,120.285,119.07,113.674,122.379,116.597,120.042,124.138,120.532,119.502,118.407,117.797,117.743,113.646,117.254,122.01,119.452,117.261,114.302,112.361,118.781,120.497,119.318,120.098,116.26,116.609,123.283,119.167,120.07,116.726,117.478,115.267,119.444,117.394,115.643,117.631,115.565,118.87,122.785,109.797,111.657,118.485,113.885,112.611,123.677,119.756,118.433,114.892,117.923,117.69,122.291,115.494,120.134,117.234,118.072,120.335,115.24,117.676,120.594,115.939,116.892,116.835,121.416,117.85,119.406,114.364,117.896,118.917,111.798,111.152,116.931,121.508,113.467,124.968,115.986,120.489,126.718,124.432,117.747,121.317,115.938,122.012,117.608,114.496,118.865,120.273,112.229,124.206,115.14,119.874,116.013,122.129,122.462,111.62,115.88,119.479,120.013,116.265,117.129,121.33,122.156,120.279,121.618,117.39,125.781,118.056,120.731,111.055,112.622,121.093,117.79,116.296,123.573,115.285,113.575,116.719,116.808,116.54,117.482,118.539,118.919,118.723,116.646,114.816,116.378,118.717,110.501,117.786,115.795,117.404,119.624,117.935,117.417,112.853,122.759,112.361,116.898,119.36,115.297,117.851,120.559,120.279,115.662,126.511,114.106,120.099,116.004,120.657,119.616,114.121,118.648,117.683,119.748,115.157,117.338,121.331
42,117.67,123.652,113.881,113.366,116.005,122.268,120.155,121.12,118.061,119.876,113.809,118.728,113.245,121.79,117.429,119.102,119.301,119.854,120.673,118.297,118.762,120.215,116.999,121.013,117.464,117.237,120.303,121.738,115.717,114.7,123.053,125.868,121.627,113.403,121.844,121.166,120.427,117.505,121.671,120.308,124.046,121.976,122.611,118.466,121.174,120.648,119.401,113.875,122.806,116.124,119.901,124.612,121.363,119.831,118.534,117.826,117.488,113.888,117.552,122.213,119.875,118.503,113.71,113.077,119.619,121.367,119.621,120.311,116.599,116.572,124.239,118.793,120.635,117.264,117.786,115.043,120.565,117.529,116.873,118.583,115.76,119.965,123.353,111.336,112.512,119.155,114.298,113.53,124.209,120.431,119.399,114.68,118.798,117.712,121.284,116.401,120.15,118.133,119.228,120.851,115.486,118.141,120.073,116.502,117.18,118.147,121.587,118.932,120.215,115.255,118.205,119.142,112.904,110.663,117.781,121.75,114.271,125.515,115.817,122.266,127.88,125.65,118.421,122.538,116.243,123.246,117.397,115.056,118.864,120.357,113.082,124.587,115.513,119.981,116.611,123.4,122.982,112.798,116.423,120.534,120.944,116.806,117.446,121.931,123.432,119.711,123.144,117.479,126.568,118.147,121.687,111.702,112.575,120.414,118.415,116.765,124.632,115.948,114.215,116.031,116.894,116.696,118.042,118.571,118.493,119.084,117.838,115.561,117.375,119.203,111.709,117.707,115.216,118.016,120.212,118.765,117.782,113.588,123.568,113.699,117.181,119.503,116.051,119.091,120.294,120.463,115.521,127.104,114.968,120.542,116.445,121.45,120.29,114.03,119.763,118.8,120.771,115.109,117.508,121.88
43,118.753,124.8,114.221,112.517,116.451,122.713,120.187,121.795,118.924,119.467,115.306,118.877,114.069,121.802,117.936,119.622,119.624,120.825,121.312,118.98,119.642,121.304,117.064,120.93,118.379,118.524,121.059,122.722,116.736,115.169,122.991,125.971,122.482,114.912,121.937,121.381,121.23,117.494,121.908,120.506,124.751,122.892,122.805,118.701,121.127,121.411,119.664,114.092,123.389,116.609,120.514,124.253,121.39,119.62,119.244,118.639,117.976,114.258,118.767,123.106,120.532,118.955,114.564,113.008,120.01,122.048,120.518,120.639,117.153,117.131,124.6,118.711,120.529,117.633,118.57,115.297,121.455,118.612,117.307,118.98,116.51,120.689,124.488,111.681,113.875,119.337,114.539,114.047,124.129,120.209,119.829,114.472,118.887,118.656,122.023,117.569,120.734,118.403,119.445,120.9,116.333,119.075,119.832,116.121,117.966,119.28,122.646,119.586,120.386,115.154,119.031,119.757,113.354,111.173,118.94,121.381,114.596,125.697,116.615,121.951,129.052,125.908,118.855,123.753,117.068,123.595,118.435,115.868,118.964,121.056,113.086,125.032,116.205,119.977,116.452,124.321,122.854,113.094,117.271,121.7,121.393,117.76,117.618,121.759,123.378,121.167,123.801,118.444,127.076,118.804,123.238,112.258,112.287,120.616,118.39,117.215,124.419,115.76,115.022,116.37,117.262,117.187,118.06,118.561,119.898,118.934,118.364,116.182,117.35,119.362,113.467,117.337,115.833,118.011,120.456,119.107,118.717,114.368,124.102,114.513,118.627,119.467,116.337,119.582,120.318,121.373,115.658,127.271,114.882,120.753,116.022,121.369,120.168,114.27,120.569,119.595,121.565,115.132,117.748,122.399
44,120.186,124.947,115.067,113.098,117.161,122.995,120.349,122.848,119.003,119.532,115.875,119.32,115.453,122.707,118.817,120.695,119.409,120.863,122.252,118.603,120.076,121.677,117.185,121.565,119.51,118.942,121.103,123.681,116.744,114.847,123.835,126.431,122.837,115.32,123.258,122.07,121.613,117.608,122.029,120.765,125.759,123.946,123.615,119.115,122.154,122.197,120.68,115.149,123.946,117.174,122.006,125.225,120.967,119.421,118.869,119.925,117.617,114.235,119.306,124.204,122.184,119.481,114.844,112.855,120.4,122.676,120.655,119.872,116.916,118.212,124.83,119.11,121.552,119.045,119.034,115.457,121.845,118.429,118.338,119.294,116.973,120.337,125.081,113.354,114.435,119.613,114.891,114.238,124.934,120.128,121.463,115.576,119.141,119.988,123.051,118.429,121.135,118.925,119.586,121.796,116.868,119.21,120.931,116.718,117.264,119.514,122.501,119.99,121.354,114.391,119.625,119.837,113.321,112.969,119.467,122.061,114.899,125.367,116.976,122.77,129.784,125.62,118.498,123.971,118.209,124,119.559,116.813,118.627,121.58,114.593,125.499,116.545,120.505,116.643,125.621,123.534,114.217,117.672,122.801,121.621,118.427,117.985,122.23,124.601,121.708,124.306,118.517,128.247,119.501,123.116,113.107,112.371,120.869,119.103,117.528,123.456,116.002,114.932,116.444,117.011,117.423,118.564,119.39,120.571,119.596,119.13,116.898,117.859,120.061,113.943,118.522,115.412,120.082,120.902,119.256,118.811,115.363,125.034,114.267,119.478,120.255,116.864,120.327,120.97,121.398,115.421,128.952,115.26,121.091,116.46,122.182,119.802,114.067,121.37,120.453,123.197,115.468,119.056,123.217
45,120.628,124.605,114.621,113.836,117.353,123.465,120.204,123.735,119.931,119.79,115.758,119.811,115.953,122.133,119.928,122.037,120.307,121.345,122.555,119.658,120.097,122.015,118.18,122.021,120.497,120.012,121.381,123.55,116.21,115.558,125.205,126.306,124.201,114.95,124.364,122.97,122.679,117.667,122.612,120.473,124.757,124.61,124.207,118.558,122.343,123.521,120.263,114.804,124.636,118.135,122.702,125.341,121.547,119.035,119.773,120.178,118.61,114.494,120.184,124.46,122.177,119.917,116.185,113.454,120.123,123.857,121.42,120.161,117.691,118.461,126.096,119.378,121.853,119.897,120.025,115.648,122.384,119.017,118.145,118.907,116.913,121.031,123.89,114.15,115.48,119.972,115.747,113.797,125.437,120.335,121.696,116.579,119.159,120.183,122.722,118.864,121.93,119.32,120.153,121.588,117.469,119.597,121.192,117.142,116.916,120.807,123.67,121.762,121.898,115.058,120.844,120.087,113.824,112.687,119.811,123.071,115.04,125.498,117.231,123.59,130.407,125.613,119.381,124.403,118.896,124.798,119.235,118.089,119.008,122.649,115.007,126.292,117.655,120.71,116.482,126.267,123.789,114.643,118.936,122.635,122.845,118.813,118.592,123.442,124.932,122.294,124.827,118.041,129.044,119.925,124.446,113.659,111.998,121.063,119.693,117.762,124.353,117.256,116.001,115.78,118.249,118.537,117.973,120.288,121.111,119.958,119.824,117.147,117.867,120.152,115.074,119.415,116.09,120.099,120.964,119.676,119.716,114.92,124.575,114.428,119.784,119.548,117.306,121.014,121.032,121.756,115.657,130.689,115.088,121.543,117.618,122.915,120.031,114.219,122.051,120.489,123.517,116.36,120.307,123.494
46,121.694,124.389,115.003,114.379,118.829,124.317,121.146,124.161,120.713,120.861,116.131,120.244,117.059,122.544,120.117,122.455,120.399,121.869,122.623,119.994,120.493,122.04,118.321,122.451,120.217,119.271,123.495,124.193,116.505,115.952,127.287,126.484,125.31,115.135,125.382,123.753,122.973,118.617,123.84,121.193,125.53,125.2,124.679,120.042,122.911,124.723,120.171,115.421,124.898,118.2,123.2,126.362,122.25,118.43,120.415,120.485,118.986,114.728,121.198,124.777,122.361,121.094,116.058,114.306,120.653,123.793,122.229,120.996,118.135,119.038,127.086,119.913,122.4,120.223,120.015,116.261,123.142,118.95,118.151,119.714,117.193,122.499,123.764,114.732,115.945,121.39,116.643,114.911,126.092,121.404,121.43,117.638,120.481,121.429,123.458,118.708,123.35,120.318,121.307,121.533,118.207,119.658,122.041,117.329,117.795,121.251,124.218,123.157,122.381,116.287,121.971,119.706,114.209,112.843,120.584,124.532,115.414,125.563,118.183,124.307,131.125,127.42,120.577,124.969,118.981,125.385,120.239,118.847,119.316,122.315,115.524,127.179,117.535,121.026,116.887,126.92,124.423,114.237,120.21,123.165,123.103,119.767,119.616,123.932,125.512,122.797,125.291,118.379,129.076,120.381,125.06,114.812,112.783,121.135,120.016,118.485,125.439,117.821,116.727,116.436,118.586,118.28,118.337,120.401,121.868,120.072,120.284,117.636,118.168,121.538,115.862,118.885,116.284,119.913,122.041,119.623,120.2,114.864,124.616,115.049,119.127,119.533,118.349,122.062,120.793,121.954,116.224,130.439,115.039,122.507,117.737,123.284,120.766,114.812,121.947,121.169,124.69,117.06,121.361,124.067
47,122.164,125.153,114.545,114.692,119.076,125.284,121.524,124.583,119.925,121.392,117.466,121.366,117.823,122.197,120.467,122.03,121.107,122.436,123.002,120.689,120.676,122.723,119.154,123.192,121.038,121.036,123.705,125.543,117.747,116.751,127.498,127.731,126.352,116.079,126.579,124.161,122.745,119.302,124.058,122.018,125.225,125.725,125.993,120.482,123.542,126.006,120.172,115.33,125.806,118.562,123.877,127.371,122.451,120.423,120.966,120.8,119.054,115.219,121.575,125.352,123.251,120.88,116.582,114.328,120.491,124.779,122.76,121.131,118.282,119.56,127.003,119.953,122.927,119.97,120.653,116.632,123.478,118.725,118.755,120.957,116.828,123.092,124.009,114.275,116.556,123.106,118.272,115.909,125.623,121.917,123.246,118.53,120.041,122.215,124.48,119.304,123.424,121.039,121.17,121.252,117.91,120.909,122.288,118.394,117.932,122.078,124.585,124.049,122.739,117.343,122.528,119.48,114.372,112.358,121.211,124.501,116.719,126.249,118.115,125.181,129.979,128.989,120.64,124.769,120,126.191,120.491,120.3,119.352,122.728,115.479,127.818,118.177,122.041,118.05,127.802,125.042,115.375,120.617,123.551,123.563,119.955,119.922,123.929,125.393,123.148,126.152,119.022,128.781,121.547,125.363,115.241,113.381,121.846,120.215,118.276,125.614,119.223,117.142,116.824,119.155,118.195,118.258,119.898,122.949,120.168,121.391,118.28,118.531,122.547,115.855,118.464,116.762,119.937,122.534,120.706,120.936,115.214,125.77,115.186,119.408,120.095,118.351,122.256,121.75,122.315,115.406,130.778,115.229,123.16,117.157,123.319,121.933,115.234,122.974,120.97,123.982,117.463,121.121,124.327
48,123.34,125.99,114.774,114.537,119.242,125.595,122.244,125.404,120.392,121.327,117.22,122.08,118.632,122.941,121.066,122.86,121.259,123.27,122.604,121.572,121.176,122.903,119.44,124.169,121.852,121.062,124.338,126.95,117.141,116.809,128.035,128.167,126.914,116.12,126.857,125.531,123.9,118.489,125.463,123.382,125.634,126.831,126.011,121.443,123.836,125.974,121.072,115.857,126.745,118.566,123.503,127.424,122.407,120.474,122.26,121.571,119.377,115.718,121.34,124.961,124.272,120.977,116.628,114.948,120.657,124.787,123.776,121.206,119.152,118.932,127.592,120.284,123.744,121.268,121.233,117.293,123.417,119.039,119.063,121.453,116.617,124.41,124.514,115.32,117.404,122.973,118.584,117.176,125.928,122.306,123.458,119.206,120.795,122.184,124.794,120.003,123.748,121.148,122.198,121.861,118.014,120.931,123.272,118.71,118.155,122.183,125.819,124.109,122.964,117.567,122.839,119.847,115.457,112.656,122.244,124.276,117.274,126.449,118.596,126.856,131.795,129.391,120.622,125.423,120.151,126.704,121.428,120.598,119.986,122.661,115.11,128.588,118.419,122.95,119.118,128.213,126.008,116.355,120.896,123.657,123.335,120.85,120.171,125.583,125.932,122.83,125.827,119.437,129.144,122.128,126.502,115.648,113.838,122.56,120.34,119.537,126.124,120.011,117.208,117.607,119.251,118.858,118.546,120.381,123.359,121.231,121.986,119.374,119.802,123.375,116.838,118.925,116.977,119.637,123.86,121.16,121.696,115.245,126.773,115.626,119.772,120.681,118.811,122.767,122.026,122.291,115.649,131.357,115.73,124.216,116.668,124.926,122.41,115.925,123.32,120.805,124.652,117.77,121.351,123.974
49,122.865,126.923,115.029,115.223,119.605,127.057,122.974,125.173,120.349,123.097,117.432,123.373,118.722,123.5,122.664,123.526,121.817,123.494,124.021,122.383,122.316,122.722,120.583,124.579,122.726,121.531,124.523,128.417,117.52,117.152,128.819,129.612,128.131,117.136,127.482,124.913,124.25,119.273,125.083,124.19,125.854,127.285,126.822,122.379,124.702,126.419,121.314,115.955,127.295,118.47,124.636,128.899,123.816,120.154,122.269,121.73,119.923,115.875,122.283,126.024,125.355,121.734,117.218,115.856,121.851,126.17,124.499,121.492,119.639,119.374,127.179,121.291,123.183,121.982,122.497,117.518,122.817,119.653,119.133,122.045,117.624,124.904,124.689,116.501,118.177,122.986,119.941,118.17,127.123,121.44,123.086,119.639,121.571,122.506,125.943,120.037,125.132,121.166,122.12,122.704,118.52,120.655,123.415,119.393,117.84,122.893,125.81,124.406,124.339,117.59,123.589,120.895,115.841,113.226,122.355,125.148,117.805,126.21,118.541,126.56,132.849,130.429,121.357,126.771,120.977,127.217,121.165,121.082,119.53,123.577,115.757,129.492,118.7,123.426,119.953,128.186,127.136,117.233,121.235,124.285,124.113,120.648,121.938,126.633,125.721,123.09,126.642,119.918,129.942,122.841,127.555,116.399,114.514,122.542,120.838,119.123,126.575,120.211,118.374,118.288,120.456,118.943,118.182,120.798,124.085,121.352,122.441,119.252,120.649,123.571,117.242,120.311,116.932,120.34,124.594,120.205,122.119,114.87,127.801,117.369,120.458,121.904,118.45,122.761,122.465,124.046,115.971,132.315,116.903,125.357,117.367,125.639,121.646,115.761,124.103,120.802,124.577,118.771,122.145,124.558
50,123.075,127.609,114.62,116.208,119.491,126.766,124.025,125.658,121.786,123.068,117.799,124.14,119.51,124.583,122.636,123.313,122.734,124.273,124.443,122.01,122.615,123.325,122.009,124.759,123.341,123.069,125.485,129.013,118.723,116.865,129.383,129.475,129.264,117.566,128.971,125.041,124.103,119.751,126.528,125.128,126.568,127.518,127.432,123.066,124.935,126.389,121.002,115.455,127.576,119.193,124.529,130.225,124.552,120.242,122.516,121.671,120.63,115.046,122.42,125.877,125.773,121.322,116.929,116.701,123.031,126.346,124.7,121.815,120.611,120.155,127.691,121.448,124.122,122.078,122.899,118.335,122.909,119.581,119.704,122.359,117.67,124.998,125.04,116.083,118.343,124.098,120.532,117.78,126.979,121.73,124.295,119.671,122.678,123.043,126.771,120.736,126.514,121.04,122.525,124.435,119.085,120.816,124.456,119.476,118.366,122.391,126.935,124.455,124.34,116.832,123.059,121.132,115.731,114.068,122.681,124.787,118.495,127.029,118.059,127.136,133.529,131.105,121.817,127.577,120.844,128.461,120.786,121.287,119.929,124.462,115.201,130.585,119.16,124.869,120.994,128.756,128.309,117.743,122.169,124.316,123.343,121.626,121.485,127.379,125.761,123.999,126.438,120.615,129.747,124.39,128.047,117.314,115.267,122.966,121.024,119.958,127.488,121.141,118.949,118.327,119.858,119.22,119.19,121.882,125.24,121.566,122.839,119.228,120.439,124.079,117.575,120.411,117.49,121.017,124.954,120.7,123.224,115.357,128.391,117.338,120.849,122.898,118.711,123.753,123.173,124.742,116.338,132.649,118.006,126.268,117.953,125.27,122.669,117.119,124.273,121.349,125.348,118.568,121.407,125.453
